{
 "version": "v1",
 "trained_through": "2017-12-31",
 "model": {
  "feature_names": [
   "ath_drawdown",
   "ret_1y",
   "log_price",
   "volatility",
   "log_size",
   "prior_splits",
   "recent_split"
  ],
  "mu": [
   -0.29069863540322427,
   0.18043520596261936,
   3.637567173485137,
   0.3549765728813175,
   17.284146560168534,
   1.8157457713992824,
   0.20079958995386982
  ],
  "sigma": [
   0.2631700587621274,
   0.5488673262586863,
   0.8782145193864427,
   0.20492240073569332,
   1.22876928314839,
   1.6388611467980347,
   0.4005984456138435
  ],
  "weights": [
   0.5115512936522545,
   0.08135772029340774,
   0.35171554159644164,
   0.09064028721722246,
   -0.08571157363144931,
   0.16369452064559342,
   0.30070934386222575
  ],
  "bias": -3.6432488455307923
 },
 "prob_quantiles": [
  0.0005720388896067982,
  0.0031322936162733175,
  0.003802672152825052,
  0.00439227695302588,
  0.004936502424560694,
  0.005444732490271679,
  0.005890202604397035,
  0.006367745931370767,
  0.006854917961511947,
  0.007260062201847184,
  0.0076833700686939075,
  0.008159580171763763,
  0.008623653247767897,
  0.009067382289078604,
  0.009550613965061884,
  0.010029093563976474,
  0.010527750989305834,
  0.01103813814141048,
  0.011517218316715861,
  0.012012742243724454,
  0.012566870914120955,
  0.013091964496531406,
  0.013607203610788014,
  0.014166128641716893,
  0.014721820283496187,
  0.015289582158052931,
  0.01584228433589243,
  0.01636030836032473,
  0.016913470836066223,
  0.017484371287439144,
  0.018033176594308014,
  0.018589910249178034,
  0.01911355098061706,
  0.019680371036145727,
  0.020214897827928364,
  0.020774831962254582,
  0.021354829255648033,
  0.02186480808888461,
  0.02239953239774595,
  0.022963926655247695,
  0.023502591676653608,
  0.024095438546964592,
  0.02468626225023461,
  0.02527163034323662,
  0.025819806064076724,
  0.026321891731943766,
  0.026865498083082827,
  0.027394314378604036,
  0.02790125127424092,
  0.028458131055251322,
  0.0289845694655112,
  0.02954908601805509,
  0.030077473386177223,
  0.030646225630091496,
  0.031199308892481337,
  0.03173879497272723,
  0.03229458634719768,
  0.03287131447145367,
  0.03339737008420882,
  0.033964093511407265,
  0.034566338172517884,
  0.035106175732972644,
  0.0357024070187099,
  0.03631368585586644,
  0.03692332048991235,
  0.03757319169026552,
  0.038189960460042284,
  0.03881938474074124,
  0.03949582866569634,
  0.04015987780414008,
  0.04084709240287349,
  0.04155773803248647,
  0.0423188119195112,
  0.04301264734776957,
  0.04380422157460917,
  0.044586042557971134,
  0.04546187750512175,
  0.046296717365182025,
  0.04713941875884459,
  0.04813506424067624,
  0.049103533933432426,
  0.05011237405914804,
  0.05124822507083517,
  0.052500387646353786,
  0.053969558748225156,
  0.05546289376831749,
  0.05705782685847271,
  0.058862221881097423,
  0.06090476142822963,
  0.06319691600852746,
  0.06581947941592431,
  0.06849863577423637,
  0.07142761158657376,
  0.0752015684020471,
  0.07893300055467155,
  0.08332456299314223,
  0.08799938079875279,
  0.09326426862260258,
  0.10003849648321898,
  0.11056167272492687,
  0.6808563942435354
 ]
}